Desconto;Quant_Min;Texto108;Texto111;xvencimento;xlista;I_E;D04_cod;D04_Descricao;xgrupo;D04_Tipo;D04_UniPro;D04_Precoven;Texto102;Texto115;Texto117;Texto119;Texto124;marcador;Texto91;Texto129;Texto126;Similar;xlocal;Texto134
23;0;0;C;35/42;1;Externo;458501;BROA DE FUBA 100G LA PETISSE;LA PETISSE;BROA - LA PET;UN;2,60;0,00;N;;;0,1;458501;4585;2,6000;0618231094585;;P ACAB - 22305;BROA DE FUBA 100G LA PETISSE
23;0;0;C;35/42;1;Externo;234601;BROA DE FUBA 90G CF;CASA FORTUNATO;BROA DE FUBA - FORT;UN;2,00;0,00;N;;;0,09;234601;2346;2,0000;7898707290038;;P ACAB - 22317;BROA DE FUBA 90G CF
;;;;35/42;1;Externo;234630;BROA DE FUBA 90G CF CX C/30;CASA FORTUNATO;BROA DE FUBA - FORT;CX;60,00;0,00;N;;;2,7;234630;0;2,0000;;;P ACAB - 22317;BROA DE FUBA 90G CF CX C/30
23;0;0;C;35/42;1;Externo;460801;COOKIE BAUNILHA C/ GOTAS DE CHOC. 100G LA PETISSE;LA PETISSE;COOKIE - LA PET;UN;2,90;0,00;N;;;0,1;460801;4608;2,9000;;;P ACAB - 22306;COOKIE BAUNILHA C/ GOTAS DE CHOC. 100G LA PETISSE
;;;;35/42;1;Externo;236030;COOKIES BAUN.C/ GOTAS CHOC. 90G CF CX C/30;CASA FORTUNATO;COOKIES BAUNILHA C/ GOTAS DE CHOCOLATE - FORT;CX;84,00;0,00;N;;;2,7;236030;;2,8000;;;P ACAB - 22315;COOKIES BAUN.C/ GOTAS CHOC. 90G CF CX C/30
23;0;0;C;35/42;1;Externo;236001;COOKIES BAUNILHA C/ GOTAS CHOC. 90G CF;CASA FORTUNATO;COOKIES BAUNILHA C/ GOTAS DE CHOCOLATE - FORT;UN;2,80;0,00;N;;;0,09;236001;2360;2,8000;7898707290007;;P ACAB - 22315;COOKIES BAUNILHA C/ GOTAS CHOC. 90G CF
;;;;35/42;1;Externo;237730;COOKIES CHOC.C/ GOTAS CHOC.90G CF CX C/30;CASA FORTUNATO;COOKIES CHOCOLATE C/ GOTAS DE CHOCOLATE - FORT;CX;81,60;0,00;N;;;2,7;237730;;2,7200;;;P ACAB - 22316;COOKIES CHOC.C/ GOTAS CHOC.90G CF CX C/30
23;0;0;C;35/42;1;Externo;237701;COOKIES CHOCOLATE C/ GOTAS CHOC.90G CF;CASA FORTUNATO;COOKIES CHOCOLATE C/ GOTAS DE CHOCOLATE - FORT;UN;2,72;0,00;N;;200;0,09;237701;2377;2,7200;7896207822377;;P ACAB - 22316;COOKIES CHOCOLATE C/ GOTAS CHOC.90G CF
23;0;;;35/42;1;Externo;275101;CROUTON ALHO 250G;CROUTON;CROUTON ALHO 250;UN;20,50;0,00;N;;;0,25;275101;2751;20,5000;7896207802751;;P ACAB - 2100;CROUTON ALHO 250G
23;0;;;35/42;1;Externo;275110;CROUTON ALHO 250G CX C/10;CROUTON;CROUTON ALHO 250;CX;205,00;0,00;N;;50;2,5;275110;;20,5000;;;P ACAB - 2100;CROUTON ALHO 250G CX C/10
23;0;;;35/42;1;Externo;270601;CROUTON ALHO 500G;CROUTON;CROUTON ALHO 500;UN;28,89;200,00;;;;0,5;270601;2706;28,8900;7896207802706;;P ACAB - 2101;CROUTON ALHO 500G
23;0;;;35/42;1;Externo;270610;CROUTON ALHO 500G CX C/10;CROUTON;CROUTON ALHO 250;CX;288,90;20,00;;;30;5;270610;;28,8900;;;P ACAB - 2101;CROUTON ALHO 500G CX C/10
0;0;0;C;35/42;1;Externo;9064901;CROUTON ALHO 500G INST. CF;CASA FORTUNATO;Crouton Casa Fortunato;UN;10,11;0,00;N;;3141;0,5;9064901;90649;10,1100;7898707290649;;P ACAB - 22337;CROUTON ALHO 500G INST. CF
;;;;35/42;1;Externo;9064905;CROUTON ALHO 500G INST. CF CX C/5;CASA FORTUNATO;Crouton Casa Fortunato;CX;50,55;0,00;N;;;2,5;9064905;;10,1100;;;P ACAB - 22337;CROUTON ALHO 500G INST. CF CX C/5
0;0;0;C;35/42;1;Externo;9061801;CROUTON FEITO COM ALHO 100G CF;CASA FORTUNATO;Crouton Casa Fortunato;UN;2,80;0,00;N;;;0,1;9061801;90618;2,8000;7898707290618;;;CROUTON FEITO COM ALHO 100G CF
;;;;35/42;1;Externo;9061820;CROUTON FEITO COM ALHO 100G CF CX C/20;CROUTON;CROUTON ALHO 500;CX;56,00;0,00;N;;;2;9061820;0;2,8000;;;;CROUTON FEITO COM ALHO 100G CF CX C/20
23;0;;;35/42;1;Externo;391801;CROUTON INTEGRAL ALHO 500G;CROUTON;CROUTON INTEGRAL ALHO;UN;28,89;490,00;;;;0,5;391801;3918;28,8900;7896207803918;;P ACAB - 22020;CROUTON INTEGRAL ALHO 500G
;;;;35/42;1;Externo;391810;CROUTON INTEGRAL ALHO 500G CX C/10;CROUTON;CROUTON ALHO 250;CX;288,89;49,00;;;150;5;391810;;28,8890;;;P ACAB - 22020;CROUTON INTEGRAL ALHO 500G CX C/10
;;;;35/42;1;Externo;2243805;CROUTON INTEGRAL ALHO 500G CX C/5  JF;JF;JF;CX;132,89;0,00;N;;;2,5;2243805;;26,5780;;;P ACAB - 22323;CROUTON INTEGRAL ALHO 500G CX C/5  JF
0;0;0;C;35/42;1;Externo;9065601;CROUTON INTEGRAL ALHO 500G INST. CF;CASA FORTUNATO;Crouton Casa Fortunato;UN;11,32;0,00;N;;;0,5;9065601;90656;11,3200;7898707290656;;P ACAB - 22339;CROUTON INTEGRAL ALHO 500G INST. CF
;;;;35/42;1;Externo;9065605;CROUTON INTEGRAL ALHO 500G INST. CF CX C/5;CASA FORTUNATO;Crouton Casa Fortunato;CX;56,60;0,00;N;;;2,5;9065605;;11,3200;;;P ACAB - 22339;CROUTON INTEGRAL ALHO 500G INST. CF CX C/5
23;0;0;C;35/42;1;Externo;2243801;CROUTON INTEGRAL ALHO 500G JF;JF;JF;UN;26,58;0,00;N;;;0,5;2243801;22438;26,5800;7896207803918;;P ACAB - 22323;CROUTON INTEGRAL ALHO 500G JF
;;;;35/42;1;Externo;9060120;CROUTON INTEGRAL FEITO COM ALHO 100G C.F. CX C/20;CROUTON;CROUTON ALHO 500;CX;52,60;0,00;N;;;2;9060120;;2,6300;;;;CROUTON INTEGRAL FEITO COM ALHO 100G C.F. CX C/20
0;0;0;C;35/42;1;Externo;9060101;CROUTON INTEGRAL FEITO COM ALHO 100G CF;CROUTON;CROUTON ALHO 500;UN;2,63;0,00;N;;300;0,1;9060101;90601;2,6300;7898707290601;;;CROUTON INTEGRAL FEITO COM ALHO 100G CF
23;0;;;35/42;1;Externo;195201;CROUTON NATURAL 120G;CROUTON;CROUTON  NATURAL;UN;9,85;30,00;;;;0,12;195201;1952;9,8500;7896207801952;;P ACAB - 2107;CROUTON NATURAL 120G
23;0;;;35/42;1;Externo;195215;CROUTON NATURAL 120G CX C/15;CROUTON;CROUTON  NATURAL;CX;147,75;2,00;;;80;1,8;195215;;9,8500;;;P ACAB - 2107;CROUTON NATURAL 120G CX C/15
23;0;;;35/42;1;Externo;221801;CROUTON NATURAL 500G;CASA FORTUNATO;Crouton Casa Fortunato;UN;28,89;100,00;;;;0,5;221801;2218;28,8900;7896207802218;;P ACAB - 2110;CROUTON NATURAL 500G
23;0;;;35/42;1;Externo;221810;CROUTON NATURAL 500G CX C/10;CROUTON;CROUTON  NATURAL;CX;288,90;10,00;;;48;5;221810;;28,8900;;;P ACAB - 2110;CROUTON NATURAL 500G CX C/10
0;0;0;C;35/42;1;Externo;9066301;CROUTON NATURAL 500G INST. CF;CASA FORTUNATO;Crouton Casa Fortunato;UN;10,11;0,00;N;;215;0,5;9066301;90663;10,1100;7898707290663;;P ACAB - 22338;CROUTON NATURAL 500G INST. CF
;;;;35/42;1;Externo;9066305;CROUTON NATURAL 500G INST. CF CX C/5;CASA FORTUNATO;Crouton Casa Fortunato;CX;50,55;0,00;N;;;2,5;9066305;;10,1100;;;P ACAB - 22338;CROUTON NATURAL 500G INST. CF CX C/5
;;;;35/42;1;Externo;9059520;CROUTON TEMPERADO 100G C.F. CX C/20;CROUTON;CROUTON ALHO 500;CX;202,20;0,00;N;;;2;9059520;;10,1100;;;;CROUTON TEMPERADO 100G C.F. CX C/20
0;0;0;C;35/42;1;Externo;9059501;CROUTON TEMPERADO 100G CF;CASA FORTUNATO;Crouton Casa Fortunato;UN;2,80;0,00;N;;;0,1;9059501;90595;2,8000;7898707290595;;;CROUTON TEMPERADO 100G CF
23;0;;;35/42;1;Externo;197601;CROUTON TEMPERADO 120G;CROUTON;CROUTON  NATURAL;UN;9,85;585,00;;;;0,12;197601;1976;9,8500;7896207801976;;P ACAB - 2114;CROUTON TEMPERADO 120G
23;0;;;35/42;1;Externo;197615;CROUTON TEMPERADO 120G CX C/15;CROUTON;CROUTON TEMPERADO 120 g;CX;147,75;39,00;;;86;1,8;197615;;9,8500;;;P ACAB - 2114;CROUTON TEMPERADO 120G CX C/15
23;0;;;35/42;1;Externo;145701;CROUTON TEMPERADO 500G;CROUTON;CROUTON TEMPERADO 500 g;UN;28,89;180,00;;;;0,5;145701;1457;28,8900;7896207801457;;P ACAB - 2118;CROUTON TEMPERADO 500G
23;0;;;35/42;1;Externo;145710;CROUTON TEMPERADO 500G CX C/10;CROUTON;CROUTON TEMPERADO 500 g;CX;288,90;18,00;;;35;5;145710;;28,8900;;;P ACAB - 2118;CROUTON TEMPERADO 500G CX C/10
0;0;0;C;35/42;1;Externo;9067001;CROUTON TEMPERADO 500G INST. CF;CASA FORTUNATO;Crouton Casa Fortunato;UN;10,11;0,00;N;;;0,5;9067001;90670;10,1100;7898707290670;;P ACAB - 22340;CROUTON TEMPERADO 500G INST. CF
;;;;35/42;1;Externo;9067005;CROUTON TEMPERADO 500G INST. CF CX C/5;CASA FORTUNATO;Crouton Casa Fortunato;CX;50,55;0,00;N;;;2,5;9067005;;10,1100;;;P ACAB - 22340;CROUTON TEMPERADO 500G INST. CF CX C/5
;;;;35/42;1;Externo;9062520;CROUTON TRADICIONAL 100G C. F. CX C/20;CROUTON;CROUTON ALHO 500;CX;56,00;0,00;N;;;2;9062520;;2,8000;;;;CROUTON TRADICIONAL 100G C. F. CX C/20
0;0;0;C;35/42;1;Externo;9062501;CROUTON TRADICIONAL 100G CF;CASA FORTUNATO;Crouton Casa Fortunato;UN;2,80;0,00;N;;;0,1;9062501;90625;2,8000;7898707290625;;;CROUTON TRADICIONAL 100G CF
;;;;35/42;1;Externo;232220;GRISSINI ALECRIM 90G CF CX C/20;CASA FORTUNATO;GRISSINI ALECRIM - FORT;CX;60,00;0,00;N;;;1,8;232220;;3,0000;;;P ACAB - 22321;GRISSINI ALECRIM 90G CF CX C/20
23;0;;;35/42;1;Externo;249201;GRISSINI ALHO 120G;GRISSINI;GRISSINI ALHO;UN;7,36;825,00;;;;0,12;249201;2492;7,3600;7896207802492;;P ACAB - 2200;GRISSINI ALHO 120G
23;0;;;35/42;1;Externo;249215;GRISSINI ALHO 120G CX C/15;GRISSINI;GRISSINI ALHO;CX;110,40;55,00;;;168;1,8;249215;;7,3600;7896207802492;;P ACAB - 2200;GRISSINI ALHO 120G CX C/15
;;0;C;35/42;1;Externo;456101;GRISSINI ALHO E SALSA 120G LA PETISSE;LA PETISSE;GRISSINI - LA PET;UN;2,83;0,00;N;;;0,12;456101;4561;2,8300;0618231094561;;P ACAB - 22300;GRISSINI ALHO E SALSA 120G LA PETISSE
;;;;35/42;1;Externo;233920;GRISSINI ALHO E SALSA 90G CF CX C/20;CASA FORTUNATO;GRISSINI ALHO E SALSA - FORT;CX;40,00;0,00;N;;;1,8;233920;;2,0000;;;P ACAB - 22320;GRISSINI ALHO E SALSA 90G CF CX C/20
23;0;;;35/42;1;Externo;256001;GRISSINI CEBOLA 120G;GRISSINI;GRISSINI  CEBOLA;UN;7,36;510,00;;;;0,12;256001;2560;7,3600;7896207802560;;P ACAB - 2203;GRISSINI CEBOLA 120G
23;0;;;35/42;1;Externo;256015;GRISSINI CEBOLA 120G CX C/15;GRISSINI;GRISSINI  CEBOLA;CX;110,40;34,00;;;111;1,8;256015;;7,3600;7896207802560;;P ACAB - 2203;GRISSINI CEBOLA 120G CX C/15
23;0;0;C;35/42;1;Externo;261201;GRISSINI FEITO COM  MULTIGRAOS 90G CF;CASA FORTUNATO;GRISSINI ALHO E SALSA - FORT;UN;2,35;0,00;N;;;0;261201;2612;2,3500;7898707290229;;;GRISSINI FEITO COM  MULTIGRAOS 90G CF
;;0;C;35/42;1;Externo;232201;GRISSINI FEITO COM ALECRIM 90G CF;CASA FORTUNATO;GRISSINI ALECRIM - FORT;UN;2,00;0,00;N;;;0,09;232201;2322;2,0000;7898707290083;;P ACAB - 22321;GRISSINI FEITO COM ALECRIM 90G CF
23;0;0;C;35/42;1;Externo;264301;GRISSINI INT. SABOR TOMATE SECO 90G CF;CASA FORTUNATO;GRISSINI ALHO E SALSA - FORT;UN;2,35;0,00;N;;;0;264301;2643;2,3500;7898707290267;;;GRISSINI INT. SABOR TOMATE SECO 90G CF
23;0;;;35/42;1;Externo;258401;GRISSINI INTEGRAL GERGELIM 120G;GRISSINI INTEGRAL;GRISSINI INTEGRAL GERGELIM;UN;8,25;15,00;;;;0,12;258401;2584;8,2500;7896207802584;;P ACAB - 2225;GRISSINI INTEGRAL GERGELIM 120G
23;0;;;35/42;1;Externo;258415;GRISSINI INTEGRAL GERGELIM 120G CX C/15;GRISSINI INTEGRAL;GRISSINI INTEGRAL GERGELIM;CX;123,75;1,00;;;13;1,8;258415;;8,2500;7896207802584;;P ACAB - 2225;GRISSINI INTEGRAL GERGELIM 120G CX C/15
23;0;;;35/42;1;Externo;262101;GRISSINI INTEGRAL PARMESAO 120G;GRISSINI INTEGRAL;GRISSINI INTEGRAL PARMESAO;UN;8,25;0,00;N;;;0,12;262101;2621;8,2500;7896207802621;;P ACAB - 2227;GRISSINI INTEGRAL PARMESAO 120G
23;0;;;35/42;1;Externo;262115;GRISSINI INTEGRAL PARMESAO 120G CX C/15;GRISSINI INTEGRAL;GRISSINI INTEGRAL PARMESAO;CX;123,75;0,00;N;;45;1,8;262115;;8,2500;7896207802621;;P ACAB - 2227;GRISSINI INTEGRAL PARMESAO 120G CX C/15
23;0;;;35/42;1;Externo;257701;GRISSINI INTEGRAL TOMATE SECO 120G;GRISSINI INTEGRAL;GRISSINI INTEGRAL  TOMATE SECO;UN;8,25;0,00;N;;;0,12;257701;2577;8,2500;7896207802577;;P ACAB - 2228;GRISSINI INTEGRAL TOMATE SECO 120G
23;0;;;35/42;1;Externo;257715;GRISSINI INTEGRAL TOMATE SECO 120G CX C/15;GRISSINI INTEGRAL;GRISSINI INTEGRAL  TOMATE SECO;CX;123,75;0,00;N;;6;1,8;257715;;8,2500;7896207802577;;P ACAB - 2228;GRISSINI INTEGRAL TOMATE SECO 120G CX C/15
23;0;;;35/42;1;Externo;255301;GRISSINI MULTIGRAOS 120G;GRISSINI INTEGRAL;GRISSINI INTEGRAL 12 GRAOS;UN;7,36;0,00;N;;;0,12;255301;2553;7,3600;7896207802553;;P ACAB - 2224;GRISSINI MULTIGRAOS 120G
23;0;;;35/42;1;Externo;255315;GRISSINI MULTIGRAOS 120G CX C/15;GRISSINI INTEGRAL;GRISSINI INTEGRAL 12 GRAOS;CX;110,40;0,00;N;;116;1,8;255315;;7,3600;7896207802553;;P ACAB - 2224;GRISSINI MULTIGRAOS 120G CX C/15
23;0;;;35/42;1;Externo;248501;GRISSINI NATURAL 120G;GRISSINI;GRISSINI  NATURAL;UN;7,36;0,00;N;;;0,12;248501;2485;7,3600;7896207802485;;P ACAB - 2206;GRISSINI NATURAL 120G
0;0;0;C;35/42;1;Externo;267401;GRISSINI NATURAL 120G CROSTITI;CROSTITI;GRISSINI NATURAL 120G CROSTITI;UN;4,42;0,00;N;;;0,12;267401;2674;4,4200;7898947706870;;;GRISSINI NATURAL 120G CROSTITI
23;0;;;35/42;1;Externo;248515;GRISSINI NATURAL 120G CX C/15;GRISSINI;GRISSINI  NATURAL;CX;110,40;0,00;N;;156;1,8;248515;;7,3600;7896207802485;;P ACAB - 2206;GRISSINI NATURAL 120G CX C/15
;;0;C;35/42;1;Externo;227801;GRISSINI NATURAL 120G LA PETISSE;LA PETISSE;GRISSINI - LA PET;UN;2,83;0,00;N;;;0,12;227801;2278;2,8300;0736532235152;;P ACAB - 22104;GRISSINI NATURAL 120G LA PETISSE
23;0;;;35/42;1;Externo;80315401;GRISSINI NATURAL 200G;WALMART;WALMART;UN;7,83;1500,00;;;;0,2;80315401;803154;7,8300;7896207803154;;P ACAB - 2209;GRISSINI NATURAL 200G
;;;;35/42;1;Externo;80315420;GRISSINI NATURAL 200G CX C/20;WALMART;WALMART;CX;166,47;75,00;;;118;4;80315420;;8,3235;;;P ACAB - 2209;GRISSINI NATURAL 200G CX C/20
;;;;35/42;1;Externo;246920;GRISSINI NATURAL 90G CF CX C/20;CASA FORTUNATO;GRISSINI ALHO E SALSA - FORT;CX;40,00;0,00;N;;;1,8;246920;;2,0000;;;;GRISSINI NATURAL 90G CF CX C/20
23;0;;;35/42;1;Externo;261401;GRISSINI PARMESAO 120G;GRISSINI;GRISSINI PARMESAO;UN;7,36;300,00;;;;0,12;261401;2614;7,3600;7896207802614;;P ACAB - 2212;GRISSINI PARMESAO 120G
0;0;0;C;35/42;1;Externo;268101;GRISSINI PARMESAO 120G CROSTITI;CROSTITI;GRISSINI PARMESAO 120G CROSTITI;UN;4,42;0,00;N;;;0,12;268101;2681;4,4200;7898947706887;;;GRISSINI PARMESAO 120G CROSTITI
23;0;;;35/42;1;Externo;261415;GRISSINI PARMESAO 120G CX C/15;GRISSINI;GRISSINI PARMESAO;CX;110,40;20,00;;;221;1,8;261415;;7,3600;7896207802614;;P ACAB - 2212;GRISSINI PARMESAO 120G CX C/15
;;0;C;35/42;1;Externo;226101;GRISSINI PARMESAO 120G LA PETISSE;LA PETISSE;GRISSINI - LA PET;UN;3,20;0,00;N;;;0,12;226101;2261;3,2000;0736532235169;;P ACAB - 22103;GRISSINI PARMESAO 120G LA PETISSE
23;0;0;C;35/42;1;Externo;397001;GRISSINI PARMESAO 200G;WALMART;WALMART;UN;7,83;1080,00;;;;0,2;397001;3970;7,8300;7896207803970;;P ACAB - 22324;GRISSINI PARMESAO 200G
;;;;35/42;1;Externo;397020;GRISSINI PARMESAO 200G CX C/20;WALMART;WALMART;CX;184,45;54,00;;;89;4;397020;;9,2225;;;P ACAB - 22324;GRISSINI PARMESAO 200G CX C/20
;;;;35/42;1;Externo;247620;GRISSINI PARMESAO 90G CF CX C/20;CASA FORTUNATO;GRISSINI ALHO E SALSA - FORT;CX;40,00;0,00;N;;;1,8;247620;;2,0000;;;;GRISSINI PARMESAO 90G CF CX C/20
23;0;;;35/42;1;Externo;263801;GRISSINI PIZZA 120G;GRISSINI;GRISSINI PIZZA;UN;7,36;795,00;;;;0,12;263801;2638;7,3600;7896207802638;;P ACAB - 2217;GRISSINI PIZZA 120G
23;0;;;35/42;1;Externo;263815;GRISSINI PIZZA 120G CX C/15;GRISSINI;GRISSINI PIZZA;CX;110,40;53,00;;;23;1,8;263815;;7,3600;7896207802638;;P ACAB - 2217;GRISSINI PIZZA 120G CX C/15
;;0;C;35/42;1;Externo;233901;GRISSINI SABOR ALHO E SALSA 90G CF;CASA FORTUNATO;GRISSINI ALHO E SALSA - FORT;UN;2,00;0,00;N;;200;0,09;233901;2339;2,0000;7898707290090;;P ACAB - 22320;GRISSINI SABOR ALHO E SALSA 90G CF
23;0;0;C;35/42;1;Externo;247601;GRISSINI SABOR PARMESAO 90G CF;CASA FORTUNATO;GRISSINI ALHO E SALSA - FORT;UN;2,00;0,00;N;;;0,09;247601;2476;2,0000;7898707290175;;;GRISSINI SABOR PARMESAO 90G CF
23;0;0;C;35/42;1;Externo;246901;GRISSINI SABOR TRADICIONAL 90G CF;CASA FORTUNATO;GRISSINI ALHO E SALSA - FORT;UN;2,00;0,00;N;;;0,09;246901;2469;2,0000;7898707290182;;;GRISSINI SABOR TRADICIONAL 90G CF
23;0;;;35/42;1;Externo;264501;GRISSINI TOMATE SECO 120G;GRISSINI;GRISSINI  TOMATE SECO;UN;7,36;0,00;N;;;0,12;264501;2645;7,3600;7896207802645;;P ACAB - 2221;GRISSINI TOMATE SECO 120G
23;0;;;35/42;1;Externo;264515;GRISSINI TOMATE SECO 120G CX C/15;GRISSINI;GRISSINI  TOMATE SECO;CX;110,40;0,00;N;;89;1,8;264515;;7,3600;7896207802645;;P ACAB - 2221;GRISSINI TOMATE SECO 120G CX C/15
23;0;0;C;35/42;1;Externo;2126501;MINI GRISSINI TRADICIONAL Kg;grissini jf;Grissini JF;KG;65,71;0,00;N;;;1;2126501;21265;65,7100;;;;MINI GRISSINI TRADICIONAL Kg
23;0;0;C;35/42;1;Externo;221601;MINI TORRADA PANETTONE CHOCOLATE 1K;PANETTONE;PANETTONE CHOCOLATE;KG;40,29;0,00;N;;;1;221601;2216;40,2900;7896207822216;;;MINI TORRADA PANETTONE CHOCOLATE 1K
23;0;;;35/42;1;Interno;2126401;MINI TORRADA PANETTONE Kg;DOCES;FETTA DOLCE RABANADA;KG;37,04;0,00;N;;;1;2126401;21264;37,0400;7896207821264;;P ACAB - 1047;MINI TORRADA PANETTONE Kg
23;0;;;35/42;1;Externo;174501;PANETTONE C/ GTS CHOC 100G;PANETTONE;PANETTONE CHOCOLATE;UN;1,79;0,00;N;;;0,1;174501;1745;1,7900;7896207803987;;P ACAB - 22024;PANETTONE C/ GTS CHOC 100G
23;0;;;35/42;1;Externo;360401;PANETTONE C/ GTS CHOC C/COB DE AMENDOAS 1K;PANETTONE;PANETTONE CHOCOLATE;UN;87,00;0,00;N;;;1;360401;3604;87,0000;7896207803604;;P ACAB - 5014;PANETTONE C/ GTS CHOC C/COB DE AMENDOAS 1K
0;0;0;C;35/42;1;Externo;9074801;PANETTONE CEREJA 100G CF;CASA FORTUNATO;Panettones Casa Fortunato;UN;1,79;0,00;N;;;0,1;9074801;90748;1,7900;7898707290748;;;PANETTONE CEREJA 100G CF
0;0;0;C;35/42;1;Externo;9058801;PANETTONE CEREJA 700G CF;CASA FORTUNATO;Panettones Casa Fortunato;UN;30,27;0,00;N;;;0,7;9058801;90588;30,2700;7898707290588;;P ACAB - 22336;PANETTONE CEREJA 700G CF
;;;;35/42;1;Externo;9058808;PANETTONE CEREJA 700G CF CX C/8;CASA FORTUNATO;Panettones Casa Fortunato;CX;242,16;0,00;N;;;5,6;9058808;;30,2700;;;P ACAB - 22336;PANETTONE CEREJA 700G CF CX C/8
23;0;;;35/42;1;Externo;360406;PANETTONE CHOC. C/COB. DE AMENDOAS 1K CX C/6;PANETTONE;PANETTONE CHOCOLATE;CX;522,00;0,00;N;;;6;360406;;87,0000;;;P ACAB - 5014;PANETTONE CHOC. C/COB. DE AMENDOAS 1K CX C/6
23;0;0;C;35/42;1;Externo;266701;PANETTONE CHOCOLATE CF 1K;CASA FORTUNATO;Panettones Casa Fortunato;UN;33,97;0,00;N;;;1;266701;2667;33,9700;7898707290281;;P ACAB - 22328;PANETTONE CHOCOLATE CF 1K
;;;;35/42;1;Externo;266706;PANETTONE CHOCOLATE CF 1K CX C/6;PANETTONE;PANETTONE CHOCOLATE;CX;203,82;0,00;N;;;6;266706;;33,9700;;;P ACAB - 22328;PANETTONE CHOCOLATE CF 1K CX C/6
0;0;0;C;35/42;1;Externo;9075501;PANETTONE CHOCOLATE E DAMASCO 100G CF;CASA FORTUNATO;Panettones Casa Fortunato;UN;1,79;0,00;N;;;0,1;9075501;90755;1,7900;7898707290755;;;PANETTONE CHOCOLATE E DAMASCO 100G CF
;;;;35/42;1;Externo;9057108;PANETTONE CHOCOLATE E DAMASCO 700G C.F. CX C/8;CASA FORTUNATO;Panettones Casa Fortunato;CX;250,32;0,00;N;;;5,6;9057108;;31,2900;;;P ACAB - 22335;PANETTONE CHOCOLATE E DAMASCO 700G C.F. CX C/8
0;0;0;C;35/42;1;Externo;9057101;PANETTONE CHOCOLATE E DAMASCO 700G CF;CASA FORTUNATO;Panettones Casa Fortunato;UN;31,29;0,00;N;;;0,7;9057101;90571;31,2900;7898707290571;;P ACAB - 22335;PANETTONE CHOCOLATE E DAMASCO 700G CF
23;0;;;35/42;1;Externo;891301;PANETTONE FRUTAS 100G;PANETTONE;PANETTONE FRUTAS;UN;1,69;0,00;N;;;0,1;891301;8913;1,6900;7896207803994;;P ACAB - 5001;PANETTONE FRUTAS 100G
23;0;0;C;35/42;1;Externo;265001;PANETTONE FRUTAS CF 1K;CASA FORTUNATO;Panettones Casa Fortunato;UN;33,97;0,00;N;;;1;265001;2650;33,9700;7898707290274;;P ACAB - 22327;PANETTONE FRUTAS CF 1K
;;;;35/42;1;Externo;265006;PANETTONE FRUTAS CF 1K CX C/6;PANETTONE;PANETTONE FRUTAS;CX;203,82;0,00;N;;;6;265006;;33,9700;;;P ACAB - 22327;PANETTONE FRUTAS CF 1K CX C/6
23;0;;;35/42;1;Externo;361101;PANETTONE FRUTAS, PASSAS, DAMASCO COB AMENDOAS 1K;PANETTONE;PANETTONE FRUTAS;UN;39,64;0,00;N;;;1;361101;3611;39,6400;7896207803611;;P ACAB - 5013;PANETTONE FRUTAS, PASSAS, DAMASCO COB AMENDOAS 1K
23;0;;;35/42;1;Externo;361106;PANETTONE FRUTAS,PASSAS,DAM. C/COB.AMEND 1K CX C/6;PANETTONE;PANETTONE FRUTAS;CX;237,84;0,00;N;;;6;361106;;39,6400;;;P ACAB - 5013;PANETTONE FRUTAS,PASSAS,DAM. C/COB.AMEND 1K CX C/6
23;0;;;35/42;1;Externo;243001;PAO TIPO SUECO GERGELIM 180G;PAO SUECO;PAO SUECO GERGELIM;UN;9,15;588,00;;;;0,18;243001;2430;9,1500;7896207802430;;P ACAB - 9007;PAO TIPO SUECO GERGELIM 180G
23;0;;;35/42;1;Externo;243012;PAO TIPO SUECO GERGELIM 180G CX C/12;PAO SUECO;PAO SUECO GERGELIM;CX;109,80;49,00;;;122;2,16;243012;0;9,1500;7896207802430;;P ACAB - 9007;PAO TIPO SUECO GERGELIM 180G CX C/12
23;0;;;35/42;1;Externo;242301;PAO TIPO SUECO INTEGRAL 180G;PAO SUECO;PAO SUECO INTEGRAL;UN;9,15;780,00;;;;0,18;242301;2423;9,1500;7896207802423;;P ACAB - 9008;PAO TIPO SUECO INTEGRAL 180G
23;0;;;35/42;1;Externo;242312;PAO TIPO SUECO INTEGRAL 180G CX C/12;PAO SUECO;PAO SUECO INTEGRAL;CX;109,80;65,00;;;85;2,16;242312;0;9,1500;7896207802423;;P ACAB - 9008;PAO TIPO SUECO INTEGRAL 180G CX C/12
23;0;;;35/42;1;Externo;245401;PAO TIPO SUECO LINHACA 180G;PAO SUECO;PAO SUECO LINHACA;UN;9,15;216,00;;;;0,18;245401;2454;9,1500;7896207802454;;P ACAB - 9010;PAO TIPO SUECO LINHACA 180G
23;0;;;35/42;1;Externo;245412;PAO TIPO SUECO LINHACA 180G CX C/12;PAO SUECO;PAO SUECO LINHACA;CX;109,80;18,00;;;15;2,16;245412;0;9,1500;7896207802454;;P ACAB - 9010;PAO TIPO SUECO LINHACA 180G CX C/12
23;0;;;35/42;1;Externo;241601;PAO TIPO SUECO MULTIGRAOS 180G;PAO SUECO;PAO SUECO  INTEGRAL 12 GRAOS;UN;9,15;300,00;;;;0,18;241601;2416;9,1500;7896207802416;;P ACAB - 9006;PAO TIPO SUECO MULTIGRAOS 180G
23;0;;;35/42;1;Externo;241612;PAO TIPO SUECO MULTIGRAOS 180G CX C/12;PAO SUECO;PAO SUECO  INTEGRAL 12 GRAOS;CX;109,80;25,00;;;26;2,16;241612;0;9,1500;7896207802416;;P ACAB - 9006;PAO TIPO SUECO MULTIGRAOS 180G CX C/12
;;0;C;35/42;1;Interno;390401;SILO DE FARINHA DE TRIGO;CAOFEITARIA;CAES;UN;5000,00;0,00;N;;;60;390401;3904;5.000,0000;;;;SILO DE FARINHA DE TRIGO
23;0;;;35/42;1;Externo;159401;TORRADA 4 QUEIJOS 100G;TORRADA;TORRADA 4 QUEIJOS;UN;6,36;360,00;;;;0,1;159401;1594;6,3600;7896207801594;;P ACAB - 1000;TORRADA 4 QUEIJOS 100G
23;0;;;35/42;1;Externo;159415;TORRADA 4 QUEIJOS 100G CX C/15;TORRADA;TORRADA 4 QUEIJOS;CX;95,40;24,00;;;21;1,5;159415;0;6,3600;7896207801594;;P ACAB - 1000;TORRADA 4 QUEIJOS 100G CX C/15
23;0;0;C;35/42;1;Externo;518301;TORRADA 4 QUEIJOS 100G LA PETISSE;LA PETISSE;TORRADA  - LA PET;UN;2,65;0,00;N;;;0,1;518301;5183;2,6500;0736532235183;;P ACAB - 22301;TORRADA 4 QUEIJOS 100G LA PETISSE
23;0;;;35/42;1;Externo;860901;TORRADA 4 QUEIJOS 130G RR;TORRADA;RRIST TORRADA 4 QUEIJOS;UN;3,18;0,00;N;;;0,13;860901;8609;3,1800;7896207808609;;P ACAB - 1002;TORRADA 4 QUEIJOS 130G RR
;;;;35/42;1;Externo;860915;TORRADA 4 QUEIJOS 130G RR CX C/15;TORRADA;RRIST TORRADA 4 QUEIJOS;CX;47,77;0,00;N;;;1,95;860915;;3,1847;;;P ACAB - 1002;TORRADA 4 QUEIJOS 130G RR CX C/15
23;0;;;35/42;1;Externo;216401;TORRADA ALHO 100G;TORRADA;TORRADA ALHO 100 g;UN;6,36;1485,00;;;6;0,1;216401;2164;6,3600;7896207802164;;P ACAB - 1004;TORRADA ALHO 100G
23;0;;;35/42;1;Externo;861601;TORRADA ALHO 100G 13;TORRADA;13 DE MAIO TORRADA ALHO;UN;3,15;0,00;N;;60;0,1;861601;8616;3,1500;7897636300955;;P ACAB - 1007;TORRADA ALHO 100G 13
23;0;;;35/42;1;Externo;189901;TORRADA ALHO 100G BA;TORRADA;BASILICATA TORRADA ALHO;UN;3,15;0,00;N;;;0,1;189901;1899;3,1500;7896076401147;;P ACAB - 22060;TORRADA ALHO 100G BA
23;0;;;35/42;1;Externo;216415;TORRADA ALHO 100G CX C/15;TORRADA;TORRADA ALHO 100 g;CX;95,40;99,00;;;76,73333333;1,5;216415;;6,3600;7896207802164;;P ACAB - 1004;TORRADA ALHO 100G CX C/15
23;0;;;35/42;1;Externo;863001;TORRADA ALHO 130G RR;TORRADA;RRIST TORRADA ALHO;UN;3,18;0,00;N;;;0,13;863001;8630;3,1800;7896207808630;;P ACAB - 1009;TORRADA ALHO 130G RR
;;;;35/42;1;Externo;863015;TORRADA ALHO 130G RR CX C/15;TORRADA;RRIST TORRADA ALHO;CX;47,77;0,00;N;;;1,95;863015;;3,1847;;;P ACAB - 1009;TORRADA ALHO 130G RR CX C/15
23;0;;;35/42;1;Externo;186001;TORRADA ALHO 400G;TORRADA;TORRADA ALHO 400 g;UN;23,92;600,00;;;;0,4;186001;1860;23,9200;7896207801860;;P ACAB - 1012;TORRADA ALHO 400G
23;0;;;35/42;1;Externo;186010;TORRADA ALHO 400G CX C/10;TORRADA;TORRADA ALHO 100 g;CX;239,20;60,00;;;194;4;186010;;23,9200;7896207801860;;P ACAB - 1012;TORRADA ALHO 400G CX C/10
0;0;0;C;35/42;1;Externo;9068701;TORRADA ALHO 400G INST. CF;CASA FORTUNATO;Torrada Casa Fortunato;UN;8,37;0,00;N;;;0,4;9068701;90687;8,3700;7898707290687;;P ACAB - 22334;TORRADA ALHO 400G INST. CF
;;;;35/42;1;Externo;9068705;TORRADA ALHO 400G INST. CF CX C/5;CASA FORTUNATO;Torrada Casa Fortunato;CX;41,85;0,00;N;;;2;9068705;;8,3700;;;P ACAB - 22334;TORRADA ALHO 400G INST. CF CX C/5
23;0;0;C;35/42;1;Externo;407601;TORRADA ALHO E SALSA 100G MINAS;TORRADA;TORRADA ROSMARINO;UN;5,74;0,00;N;;;0,1;407601;4076;5,7400;7898713722301;;;TORRADA ALHO E SALSA 100G MINAS
;;;;35/42;1;Externo;407615;TORRADA ALHO E SALSA 100G MINAS CX C/1,5KG;TORRADA;TORRADA ROSMARINO;CX;86,10;0,00;N;;;1,5;407615;;5,7400;;;;TORRADA ALHO E SALSA 100G MINAS CX C/1,5KG
23;0;0;C;35/42;1;Externo;517601;TORRADA AMANTEIGADA 100G LA PETISSE;LA PETISSE;TORRADA  - LA PET;UN;2,65;0,00;N;;;0,1;517601;5176;2,6500;0736532235176;;P ACAB - 22302;TORRADA AMANTEIGADA 100G LA PETISSE
23;0;;;35/42;1;Externo;151801;TORRADA AZEITONAS PRETAS 100G;TORRADA;TORRADA AZEITONAS PRETAS;UN;6,36;135,00;;;;0,1;151801;1518;6,3600;7896207801518;;P ACAB - 1003;TORRADA AZEITONAS PRETAS 100G
23;0;;;35/42;1;Externo;151815;TORRADA AZEITONAS PRETAS 100G CX C/15;TORRADA;TORRADA AZEITONAS PRETAS;CX;95,40;9,00;;;;1,5;151815;;6,3600;7896207801518;;P ACAB - 1003;TORRADA AZEITONAS PRETAS 100G CX C/15
;;;;35/42;1;Externo;9069405;TORRADA AZEITONAS PRETAS 400G INST. C.F. CX C/5;CASA FORTUNATO;Torrada Casa Fortunato;CX;41,85;0,00;N;;;2;9069405;;8,3700;;;P ACAB - 22341;TORRADA AZEITONAS PRETAS 400G INST. C.F. CX C/5
0;0;0;C;35/42;1;Externo;9069401;TORRADA AZEITONAS PRETAS 400G INST. CF;CASA FORTUNATO;Torrada Casa Fortunato;UN;8,37;0,00;N;;;0,4;9069401;90694;8,3700;7898707290694;;P ACAB - 22341;TORRADA AZEITONAS PRETAS 400G INST. CF
23;0;0;C;35/42;1;Externo;457801;TORRADA BRUSQUETA 100G LA PETISSE;LA PETISSE;TORRADA  - LA PET;UN;2,30;0,00;N;;;0,1;457801;4578;2,3000;0618231094578;;P ACAB - 22303;TORRADA BRUSQUETA 100G LA PETISSE
;;;;35/42;1;Externo;239120;TORRADA BRUSQUETA 70G CF CX C/20;CASA FORTUNATO;TORRADA BRUSQUETA - FORT;CX;38,20;0,00;N;;;1,4;239120;;1,9100;;;P ACAB - 22312;TORRADA BRUSQUETA 70G CF CX C/20
23;0;;;35/42;1;Externo;160001;TORRADA CEBOLA 100G;TORRADA;TORRADA CEBOLA;UN;6,36;690,00;;;;0,1;160001;1600;6,3600;7896207801600;;P ACAB - 1014;TORRADA CEBOLA 100G
23;0;;;35/42;1;Externo;867801;TORRADA CEBOLA 100G 13;TORRADA;13 DE MAIO TORRADA CEBOLA;UN;3,15;0,00;N;;60;0,1;867801;8678;3,1500;7897636300979;;P ACAB - 1016;TORRADA CEBOLA 100G 13
23;0;;;35/42;1;Externo;190501;TORRADA CEBOLA 100G BA;TORRADA;BASILICATA TORRADA CEBOLA;UN;3,15;0,00;N;;;0,1;190501;1905;3,1500;7896076401154;;P ACAB - 22061;TORRADA CEBOLA 100G BA
23;0;;;35/42;1;Externo;160015;TORRADA CEBOLA 100G CX C/15;TORRADA;TORRADA CEBOLA;CX;95,40;46,00;;;5;1,5;160015;;6,3600;7896207801600;;P ACAB - 1014;TORRADA CEBOLA 100G CX C/15
23;0;;;35/42;1;Externo;864701;TORRADA CEBOLA 130G RR;TORRADA;RRIST TORRADA CEBOLA;UN;3,18;0,00;N;;;0,13;864701;8647;3,1800;7896207808647;;P ACAB - 1017;TORRADA CEBOLA 130G RR
;;;;35/42;1;Externo;864715;TORRADA CEBOLA 130G RR CX C/15;TORRADA;RRIST TORRADA CEBOLA;CX;47,77;0,00;N;;;1,95;864715;;3,1847;;;P ACAB - 1017;TORRADA CEBOLA 130G RR CX C/15
0;0;0;C;35/42;1;Externo;9070001;TORRADA CEBOLA 400G INST. CF;CASA FORTUNATO;Torrada Casa Fortunato;UN;8,37;0,00;N;;;0,4;9070001;90700;8,3700;7898707290700;;P ACAB - 22330;TORRADA CEBOLA 400G INST. CF
;;;;35/42;1;Externo;9070005;TORRADA CEBOLA 400G INST. CF CX C/5;CASA FORTUNATO;Torrada Casa Fortunato;CX;41,85;0,00;N;;;2;9070005;;8,3700;;;P ACAB - 22330;TORRADA CEBOLA 400G INST. CF CX C/5
23;0;0;C;35/42;1;Externo;459201;TORRADA DOCE RABANADA 80G LA PETISSE;LA PETISSE;TORRADA  - LA PET;UN;2,30;0,00;N;;;0,08;459201;4592;2,3000;0618231094592;;P ACAB - 22304;TORRADA DOCE RABANADA 80G LA PETISSE
;;;;35/42;1;Externo;235320;TORRADA DOCE RABANADA 90G CF CX C/20;CASA FORTUNATO;TORRADA DOCE RABANADA - FORT;CX;48,00;0,00;N;;;1,8;235320;;2,4000;;;P ACAB - 22318;TORRADA DOCE RABANADA 90G CF CX C/20
23;0;;;35/42;1;Externo;866101;TORRADA NATURAL 100G 13;TORRADA;13 DE MAIO TORRADA NATURAL;UN;2,84;0,00;N;;60;0,1;866101;8661;2,8400;7897636300948;;P ACAB - 1021;TORRADA NATURAL 100G 13
23;0;;;35/42;1;Externo;191201;TORRADA NATURAL 100G BA;TORRADA;BASILICATA TORRADA NATURAL;UN;3,15;0,00;N;;;0,1;191201;1912;3,1500;7896076401185;;P ACAB - 22062;TORRADA NATURAL 100G BA
23;0;;;35/42;1;Externo;885201;TORRADA NATURAL 130G RR;TORRADA;RRIST TORRADA NATURAL;UN;3,18;0,00;N;;;0,13;885201;8852;3,1800;7896207808852;;P ACAB - 1023;TORRADA NATURAL 130G RR
;;;;35/42;1;Externo;885215;TORRADA NATURAL 130G RR CX C/15;TORRADA;RRIST TORRADA NATURAL;CX;47,77;0,00;N;;;1,95;885215;;3,1847;;;P ACAB - 1023;TORRADA NATURAL 130G RR CX C/15
23;0;;;35/42;1;Externo;234801;TORRADA NATURAL 400G;TORRADA;TORRADA NATURAL;UN;23,92;0,00;N;;;0,4;234801;2348;23,9200;7896207802348;;P ACAB - 1026;TORRADA NATURAL 400G
;;;;35/42;1;Externo;234810;TORRADA NATURAL 400G CX C/10;TORRADA;TORRADA NATURAL;CX;239,92;0,00;N;;;4;234810;;23,9920;;;P ACAB - 1026;TORRADA NATURAL 400G CX C/10
0;0;0;C;35/42;1;Externo;9071701;TORRADA NATURAL 400G INST. CF;CASA FORTUNATO;Torrada Casa Fortunato;UN;8,37;0,00;N;;8;0,4;9071701;90717;8,3700;7898707290717;;P ACAB - 22333;TORRADA NATURAL 400G INST. CF
;;;;35/42;1;Externo;9071705;TORRADA NATURAL 400G INST. CF CX C/5;CASA FORTUNATO;Torrada Casa Fortunato;CX;41,85;0,00;N;;;2;9071705;;8,3700;;;P ACAB - 22333;TORRADA NATURAL 400G INST. CF CX C/5
23;0;;;35/42;1;Externo;164801;TORRADA NATURAL AMANTEIGADA 100G;TORRADA;TORRADA NATURAL;UN;6,36;285,00;;;;0,1;164801;1648;6,3600;7896207801648;;P ACAB - 1019;TORRADA NATURAL AMANTEIGADA 100G
23;0;;;35/42;1;Externo;164815;TORRADA NATURAL AMANTEIGADA 100G CX C/15;TORRADA;TORRADA NATURAL;CX;95,40;19,00;;;38;1,5;164815;;6,3600;7896207801648;;P ACAB - 1019;TORRADA NATURAL AMANTEIGADA 100G CX C/15
23;0;;;35/42;1;Externo;831901;TORRADA OREGANO 130G RR;TORRADA;RRIST TORRADA OREGANO;UN;3,18;6,00;;;;0,13;831901;8319;3,1800;7896207808319;;P ACAB - 1039;TORRADA OREGANO 130G RR
;;;;35/42;1;Externo;831915;TORRADA OREGANO 130G RR CX C/15;TORRADA;RRIST TORRADA OREGANO;CX;47,77;0,40;;;;1,95;831915;;3,1847;;;P ACAB - 1039;TORRADA OREGANO 130G RR CX C/15
;;;;35/42;1;Externo;240720;TORRADA OREGANO 70G CF CX C/20;CASA FORTUNATO;TORRADA OREGANO - FORT;CX;38,20;0,00;N;;;1,4;240720;;1,9100;;;P ACAB - 22311;TORRADA OREGANO 70G CF CX C/20
23;0;;;35/42;1;Externo;217101;TORRADA PARMESAO 100G;TORRADA;TORRADA PARMESAO 100 g;UN;6,36;1440,00;;;;0,1;217101;2171;6,3600;7896207802171;;P ACAB - 1027;TORRADA PARMESAO 100G
;;;;35/42;1;Externo;192901;TORRADA PARMESAO 100G BA;TORRADA;BAUDUCCO TORRADA PARMESAO;UN;3,15;0,00;N;;;0,1;192901;1929;3,1500;7896076401123;;P ACAB - 22063;TORRADA PARMESAO 100G BA
23;0;;;35/42;1;Externo;217115;TORRADA PARMESAO 100G CX C/15;TORRADA;TORRADA PARMESAO 100 g;CX;95,40;96,00;;;105;1,5;217115;;6,3600;7896207802171;;P ACAB - 1027;TORRADA PARMESAO 100G CX C/15
23;0;;;35/42;1;Externo;859301;TORRADA PARMESAO 130G RR;TORRADA;RRIST TORRADA PARMESAO;UN;3,18;0,00;N;;;0,13;859301;8593;3,1800;7896207808593;;P ACAB - 1031;TORRADA PARMESAO 130G RR
;;;;35/42;1;Externo;859315;TORRADA PARMESAO 130G RR CX C/15;TORRADA;RRIST TORRADA PARMESAO;CX;47,70;0,00;N;;;1,95;859315;;3,1800;;;P ACAB - 1031;TORRADA PARMESAO 130G RR CX C/15
23;0;;;35/42;1;Externo;206501;TORRADA PARMESAO 400G;TORRADA;TORRADA PARMESAO 400 g;UN;23,92;1460,00;;;;0,4;206501;2065;23,9200;7896207802065;;P ACAB - 1033;TORRADA PARMESAO 400G
23;0;;;35/42;1;Externo;206510;TORRADA PARMESAO 400G CX C/10;TORRADA;TORRADA PARMESAO 100 g;CX;239,20;146,00;;;251;4;206510;;23,9200;;;P ACAB - 1033;TORRADA PARMESAO 400G CX C/10
0;0;0;C;35/42;1;Externo;9072401;TORRADA PARMESAO 400G INST. CF;CASA FORTUNATO;Torrada Casa Fortunato;UN;8,37;0,00;N;;10;0,4;9072401;90724;8,3700;7898707290724;;P ACAB - 22331;TORRADA PARMESAO 400G INST. CF
;;;;35/42;1;Externo;9072405;TORRADA PARMESAO 400G INST. CF CX C/5;CASA FORTUNATO;Torrada Casa Fortunato;CX;41,85;0,00;N;;;2;9072405;;8,3700;;;P ACAB - 22331;TORRADA PARMESAO 400G INST. CF CX C/5
;;;;35/42;1;Externo;241420;TORRADA PROVOLONE 70G CF CX C/20;CASA FORTUNATO;TORRADA PROVOLONE - FORT;CX;38,20;0,00;N;;;1,4;241420;;1,9100;;;P ACAB - 22313;TORRADA PROVOLONE 70G CF CX C/20
23;0;;;35/42;1;Externo;865401;TORRADA QUEIJO 100G 13;TORRADA;13 DE MAIO TORRADA QUEIJO;UN;3,15;60,00;;;60;0,1;865401;8654;3,1500;7897636300962;;P ACAB - 1037;TORRADA QUEIJO 100G 13
0;0;0;C;35/42;1;Externo;9076201;TORRADA RABANADA 230G CF;CASA FORTUNATO;TORRADA DOCE RABANADA - FORT;UN;6,13;0,00;N;;;0,23;9076201;90762;6,1300;7898707290762;;P ACAB - 22343;TORRADA RABANADA 230G CF
;;;;35/42;1;Externo;9076212;TORRADA RABANADA 230G CF CX C/12;CASA FORTUNATO;TORRADA DOCE RABANADA - FORT;CX;73,56;0,00;N;;;2,76;9076212;;6,1300;;;P ACAB - 22343;TORRADA RABANADA 230G CF CX C/12
23;0;0;C;35/42;1;Externo;254401;TORRADA SABOR 4 QUEIJOS 70G CF;CASA FORTUNATO;TORRADA PIMENTA CALABRESA - FORT;UN;1,91;0,00;N;;;0,07;254401;2544;1,9100;7898707290205;;;TORRADA SABOR 4 QUEIJOS 70G CF
23;0;0;C;35/42;1;Externo;256801;TORRADA SABOR AMANTEIGADA 70G CF;CASA FORTUNATO;TORRADA PIMENTA CALABRESA - FORT;UN;1,91;0,00;N;;;0,07;256801;2568;1,9100;7898707290199;;;TORRADA SABOR AMANTEIGADA 70G CF
23;0;0;C;35/42;1;Externo;239101;TORRADA SABOR BRUSQUETA 70G CF;CASA FORTUNATO;TORRADA BRUSQUETA - FORT;UN;1,91;0,00;N;;;0,07;239101;2391;1,9100;7898707290045;;P ACAB - 22312;TORRADA SABOR BRUSQUETA 70G CF
23;0;0;C;35/42;1;Externo;240701;TORRADA SABOR OREGANO 70G CF;CASA FORTUNATO;TORRADA OREGANO - FORT;UN;1,91;0,00;N;;;0,07;240701;2407;1,9100;7898707290069;;P ACAB - 22311;TORRADA SABOR OREGANO 70G CF
23;0;0;C;35/42;1;Externo;241401;TORRADA SABOR PROVOLONE 70G CF;CASA FORTUNATO;TORRADA PROVOLONE - FORT;UN;1,91;0,00;N;;;0,07;241401;2414;1,9100;7898707290106;;P ACAB - 22313;TORRADA SABOR PROVOLONE 70G CF
23;0;0;C;35/42;1;Externo;235301;TORRADA SABOR RABANADA 90G CF;CASA FORTUNATO;TORRADA DOCE RABANADA - FORT;UN;2,40;0,00;N;;;0,09;235301;2353;2,4000;7898707290052;;P ACAB - 22318;TORRADA SABOR RABANADA 90G CF
23;0;;;35/42;1;Externo;218801;TORRADA TOMATE SECO 100G;TORRADA;TORRADA TOM SECO;UN;6,36;150,00;;;;0,1;218801;2188;6,3600;7896207802188;;P ACAB - 1041;TORRADA TOMATE SECO 100G
23;0;;;35/42;1;Externo;218815;TORRADA TOMATE SECO 100G CX C/15;TORRADA;TORRADA TOM SECO;CX;95,40;10,00;;;3;1,5;218815;;6,3600;7896207802188;;P ACAB - 1041;TORRADA TOMATE SECO 100G CX C/15
23;0;;;35/42;1;Externo;862301;TORRADA TOMATE SECO 130G RR;TORRADA;RRIST TORRADA TOMATE SECO;UN;3,18;0,00;N;;;0,13;862301;8623;3,1800;7896207808623;;P ACAB - 1044;TORRADA TOMATE SECO 130G RR
;;;;35/42;1;Externo;862315;TORRADA TOMATE SECO 130G RR CX C/15;TORRADA;RRIST TORRADA TOMATE SECO;CX;47,70;0,00;N;;;1,95;862315;;3,1800;;;P ACAB - 1044;TORRADA TOMATE SECO 130G RR CX C/15
;;;;35/42;1;Externo;9073105;TORRADA TOMATE SECO 400G INST. C.F. CX C/5;CASA FORTUNATO;Torrada Casa Fortunato;CX;41,85;0,00;N;;;2;9073105;;8,3700;;;P ACAB - 22332;TORRADA TOMATE SECO 400G INST. C.F. CX C/5
0;0;0;C;35/42;1;Externo;9073101;TORRADA TOMATE SECO 400G INST. CF;CASA FORTUNATO;Torrada Casa Fortunato;UN;8,37;0,00;N;;;0,4;9073101;90731;8,3700;7898707290731;;P ACAB - 22332;TORRADA TOMATE SECO 400G INST. CF
23;0;0;C;35/42;1;Externo;480101;TOSTA 4 QUEIJOS 100G SP;TORRADA SP;SAPORE DI PUGLIA;UN;2,86;0,00;N;;;0,1;480101;4801;2,8600;7898919734801;;;TOSTA 4 QUEIJOS 100G SP
23;0;0;C;35/42;1;Externo;478801;TOSTA ALHO 100G SP;TORRADA SP;SAPORE DI PUGLIA;UN;2,86;0,00;N;;;0,1;478801;4788;2,8600;7898919734788;;;TOSTA ALHO 100G SP
23;0;0;C;35/42;1;Externo;483201;TOSTA AMANTEIGADA 100G SP;TORRADA SP;SAPORE DI PUGLIA;UN;2,86;0,00;N;;;0,1;483201;4832;2,8600;7898919734832;;;TOSTA AMANTEIGADA 100G SP
23;0;0;C;35/42;1;Externo;477101;TOSTA AZEITONA 100G SP;TORRADA SP;SAPORE DI PUGLIA;UN;2,86;0,00;N;;;0,1;477101;4771;2,8600;7898919734771;;;TOSTA AZEITONA 100G SP
23;0;0;C;35/42;1;Externo;482501;TOSTA CEBOLA 100G SP;TORRADA SP;SAPORE DI PUGLIA;UN;2,86;0,00;N;;;0,1;482501;4825;2,8600;7898919734825;;;TOSTA CEBOLA 100G SP
23;0;0;C;35/42;1;Externo;479501;TOSTA PARMESAO 100G SP;TORRADA SP;SAPORE DI PUGLIA;UN;2,86;0,00;N;;;0,1;479501;4795;2,8600;7898919734795;;;TOSTA PARMESAO 100G SP
23;0;0;C;35/42;1;Externo;481801;TOSTA TOMATE SECO 100G SP;TORRADA SP;SAPORE DI PUGLIA;UN;2,86;0,00;N;;;0,1;481801;4818;2,8600;7898919734818;;;TOSTA TOMATE SECO 100G SP
23;0;;;35/42;1;Externo;330701;TOSTATA ALECRIM 180G;TOSTATA;TOSTATA ROSMARINO;UN;13,07;80,00;;;2;0,18;330701;3307;13,0700;7896207803307;;P ACAB - 1050;TOSTATA ALECRIM 180G
23;0;;;35/42;1;Externo;330710;TOSTATA ALECRIM 180G CX C/10;TOSTATA;TOSTATA ROSMARINO;CX;130,70;8,00;;;538;1,8;330710;;13,0700;;;P ACAB - 1050;TOSTATA ALECRIM 180G CX C/10
23;0;0;C;35/42;1;Externo;230801;TOSTATA ALECRIM 180G LA PETISSE;LA PETISSE;TORRADA  - LA PET;UN;4,50;0,00;N;;;0,18;230801;2308;4,5000;0736532235190;;P ACAB - 22107;TOSTATA ALECRIM 180G LA PETISSE
0;0;0;C;35/42;1;Externo;480601;TOSTATA ALECRIM 180G OBA;TOSTATA;TOSTATA ROSMARINO;UN;4,21;0,00;N;;;0,18;480601;4806;4,2100;7899934814806;;P ACAB - 22344;TOSTATA ALECRIM 180G OBA
23;0;0;C;35/42;1;Externo;485601;TOSTATA ALECRIM 180G SP;TORRADA SP;SAPORE DI PUGLIA;UN;4,01;0,00;N;;;0,18;485601;4856;4,0100;7898919734856;;;TOSTATA ALECRIM 180G SP
0;0;0;C;35/42;1;Externo;401401;TOSTATA AZEITONA PRETA 180G;TOSTATA;TOSTATA ROSMARINO;UN;13,07;0,00;N;;;0,18;401401;4014;13,0700;7896207804014;;P ACAB - 22342;TOSTATA AZEITONA PRETA 180G
;;;;35/42;1;Externo;401410;TOSTATA AZEITONA PRETA 180G CX C/10;TOSTATA;TOSTATA ROSMARINO;CX;130,70;0,00;N;;;1,8;401410;;13,0700;;;P ACAB - 22342;TOSTATA AZEITONA PRETA 180G CX C/10
0;0;0;C;35/42;1;Externo;482001;TOSTATA AZEITONA PRETA 180G OBA;TOSTATA;TOSTATA ROSMARINO;UN;5,32;0,00;N;;1113;0,18;482001;4820;5,3200;7899934814820;;P ACAB - 22345;TOSTATA AZEITONA PRETA 180G OBA
23;0;0;C;35/42;1;Externo;257501;TOSTATA FEITO C ALECRIM 180G CF;CASA FORTUNATO;Tostata Casa Fortunato;UN;4,50;0,00;N;;2180;0,18;257501;2575;4,5000;7898707290151;;;TOSTATA FEITO C ALECRIM 180G CF
23;0;0;C;35/42;1;Externo;9056401;TOSTATA FEITO C PARMESAO 180G CF;CASA FORTUNATO;Tostata Casa Fortunato;UN;4,50;0,00;N;;1602;0,18;9056401;90564;4,5000;7898707290564;;P ACAB - 168;TOSTATA FEITO C PARMESAO 180G CF
;;;;35/42;1;Externo;9056410;TOSTATA FEITO C PARMESAO 180G CF CX C/10;CASA FORTUNATO;TORRADA PROVOLONE - FORT;CX;45,00;0,00;N;;;1,8;9056410;;4,5000;;;P ACAB - 168;TOSTATA FEITO C PARMESAO 180G CF CX C/10
;;;;35/42;1;Externo;9063210;TOSTATA FEITO COM GERGELIM 180G C.F. CX C/10;TOSTATA;TOSTATA TOMATE SECO;CX;45,00;0,00;N;;;1,8;9063210;;4,5000;;;P ACAB - 503;TOSTATA FEITO COM GERGELIM 180G C.F. CX C/10
0;0;0;C;35/42;1;Externo;9063201;TOSTATA FEITO COM GERGELIM 180G CF;CASA FORTUNATO;Tostata Casa Fortunato;UN;4,50;0,00;N;;800;0,18;9063201;90632;4,5000;7898707290632;;P ACAB - 503;TOSTATA FEITO COM GERGELIM 180G CF
;;;;35/42;1;Externo;830910;TOSTATA PARMESAO 180G CX/10 LA PETISSE;LA PETISSE;TOSTATA - LA PET;CX;51,04;0,00;N;;;0;830910;;5,1040;;;;TOSTATA PARMESAO 180G CX/10 LA PETISSE
0;0;0;C;35/42;1;Externo;830901;TOSTATA PARMESAO 180G LA PETISSE;LA PETISSE;TOSTATA - LA PET;UN;4,50;0,00;N;;;0;830901;8309;4,5000;0631430078309;;;TOSTATA PARMESAO 180G LA PETISSE
0;0;0;C;35/42;1;Externo;484401;TOSTATA PARMESAO 180G OBA;TOSTATA;TOSTATA ROSMARINO;UN;4,21;0,00;N;;;0,18;484401;4844;4,2100;7899934814844;;P ACAB - 22346;TOSTATA PARMESAO 180G OBA
23;0;0;C;35/42;1;Externo;5280501;TOSTATA S. ALECRIM 180G MAMBO;MAMBO;MAMBO;UN;11,80;0,00;N;;;0,18;5280501;52805;11,8000;7898702152805;;P ACAB - 5841;TOSTATA S. ALECRIM 180G MAMBO
;;;;35/42;1;Externo;5280510;TOSTATA S. ALECRIM 180G MAMBO CX C/10;MAMBO;MAMBO;CX;118,00;0,00;N;;195;1,8;5280510;;11,8000;;;P ACAB - 5841;TOSTATA S. ALECRIM 180G MAMBO CX C/10
23;0;0;C;35/42;1;Externo;200301;TOSTATA S. AZEITONAS PRETAS 180G MAMBO;MAMBO;MAMBO;UN;11,80;0,00;N;;;0,18;200301;2003;11,8000;7898702152003;;P ACAB - 22109;TOSTATA S. AZEITONAS PRETAS 180G MAMBO
;;;;35/42;1;Externo;200310;TOSTATA S. AZEITONAS PRETAS 180G MAMBO CX C/10;MAMBO;MAMBO;CX;118,00;0,00;N;;187;1,8;200310;;11,8000;;;P ACAB - 22109;TOSTATA S. AZEITONAS PRETAS 180G MAMBO CX C/10
23;0;0;C;35/42;1;Externo;5279901;TOSTATA S. TOMATE SECO 180G MAMBO;MAMBO;MAMBO;UN;11,80;0,00;N;;;0,18;5279901;52799;11,8000;7898702152799;;P ACAB - 5843;TOSTATA S. TOMATE SECO 180G MAMBO
;;;;35/42;1;Externo;5279910;TOSTATA S. TOMATE SECO 180G MAMBO CX C/10;MAMBO;MAMBO;CX;118,00;0,00;N;;161;1,8;5279910;;11,8000;;;P ACAB - 5843;TOSTATA S. TOMATE SECO 180G MAMBO CX C/10
23;0;0;C;35/42;1;Externo;199001;TOSTATA S. TRADICIONAL 180G MAMBO;MAMBO;MAMBO;UN;11,80;0,00;N;;;0,18;199001;1990;11,8000;7898702151990;;P ACAB - 22110;TOSTATA S. TRADICIONAL 180G MAMBO
;;;;35/42;1;Externo;199010;TOSTATA S. TRADICIONAL 180G MAMBO CX C/10;MAMBO;MAMBO;CX;118,00;0,00;N;;258;1,8;199010;;11,8000;;;P ACAB - 22110;TOSTATA S. TRADICIONAL 180G MAMBO CX C/10
23;0;0;C;35/42;1;Externo;260501;TOSTATA SABOR AZEITONAS PRETAS 180G CF;CASA FORTUNATO;Tostata Casa Fortunato;UN;4,50;0,00;N;;1023;0,18;260501;2605;4,5000;7898707290236;;;TOSTATA SABOR AZEITONAS PRETAS 180G CF
23;0;0;C;35/42;1;Externo;258201;TOSTATA SABOR TOMATE SECO 180G CF;CASA FORTUNATO;Tostata Casa Fortunato;UN;4,50;0,00;N;;700;0,18;258201;2582;4,5000;7898707290168;;;TOSTATA SABOR TOMATE SECO 180G CF
23;0;0;C;35/42;1;Externo;259901;TOSTATA SABOR TRADICIONAL 180G CF;CASA FORTUNATO;Tostata Casa Fortunato;UN;4,50;0,00;N;;1372;0,18;259901;2599;4,5000;7898707290250;;;TOSTATA SABOR TRADICIONAL 180G CF
23;0;0;C;35/42;1;Externo;231501;TOSTATA TOMATE 180G LA PETISSE;LA PETISSE;TORRADA  - LA PET;UN;4,50;0,00;N;;;0,18;231501;2315;4,5000;0602883082021;;P ACAB - 22108;TOSTATA TOMATE 180G LA PETISSE
23;0;;;35/42;1;Externo;331401;TOSTATA TOMATE SECO 180G;TOSTATA;TOSTATA TOMATE SECO;UN;13,07;94,00;;;2;0,18;331401;3314;13,0700;7896207803314;;P ACAB - 1051;TOSTATA TOMATE SECO 180G
23;0;;;35/42;1;Externo;331410;TOSTATA TOMATE SECO 180G CX C/10;TOSTATA;TOSTATA TOMATE SECO;CX;130,70;9,40;;;284;1,8;331410;;13,0700;;;P ACAB - 1051;TOSTATA TOMATE SECO 180G CX C/10
0;0;0;C;35/42;1;Externo;483701;TOSTATA TOMATE SECO 180G OBA;TOSTATA;TOSTATA ROSMARINO;UN;4,80;0,00;N;;;0,18;483701;4837;4,8000;7899934814837;;P ACAB - 22347;TOSTATA TOMATE SECO 180G OBA
23;0;0;C;35/42;1;Externo;486301;TOSTATA TOMATE SECO 180G SP;TORRADA SP;SAPORE DI PUGLIA;UN;4,62;0,00;N;;;0,18;486301;4863;4,6200;7898919734863;;;TOSTATA TOMATE SECO 180G SP
0;0;0;C;35/42;1;Externo;481301;TOSTATA TRADICIONAL 180G OBA;TOSTATA;TOSTATA ROSMARINO;UN;4,21;0,00;N;;2140;0,18;481301;4813;4,2100;7899934814813;;P ACAB - 22348;TOSTATA TRADICIONAL 180G OBA
